{"avg_reward": -0.6552716376074589, "episode": 99, "_timestamp": 1718196663.023324, "_runtime": 5.822138071060181, "_step": 199, "distance": 0.01011447168423502, "_wandb": {"runtime": 17}}