{"avg_reward": -0.7925787270126778, "episode": 99, "_timestamp": 1718196159.4500859, "_runtime": 5.728219985961914, "_step": 199, "distance": 0.011820411981379817, "_wandb": {"runtime": 16}}