{"avg_reward": -0.7189022793746226, "episode": 99, "_timestamp": 1718195027.238265, "_runtime": 7.422622919082642, "_step": 199, "distance": 0.010895935358088839, "_wandb": {"runtime": 109}}