{"avg_reward": -0.5136047809301412, "episode": 99, "_timestamp": 1718197233.6580238, "_runtime": 5.572425842285156, "_step": 199, "distance": 0.010878342902386708, "_wandb": {"runtime": 11}}