{"avg_reward": -1.0344903123587164, "episode": 99, "_timestamp": 1718198174.3136613, "_runtime": 11.667893409729004, "_step": 199, "distance": 0.038405985670173635, "_wandb": {"runtime": 17}}