{"avg_reward": -0.9533058932918343, "episode": 99, "_timestamp": 1718197715.5018811, "_runtime": 6.026976108551025, "_step": 199, "distance": 0.026089308102339285, "_wandb": {"runtime": 24}}