{"avg_reward": -0.3393345059338554, "episode": 99, "_timestamp": 1718197104.918145, "_runtime": 6.665564060211182, "_step": 199, "distance": 0.011726965707532531, "_wandb": {"runtime": 18}}