{"avg_reward": -0.8074266619936372, "episode": 99, "_timestamp": 1718194851.517234, "_runtime": 6.471517086029053, "_step": 199, "distance": 0.011556893114285071, "_wandb": {"runtime": 113}}