{"avg_reward": -0.9896503207976296, "episode": 99, "_timestamp": 1718195644.4164338, "_runtime": 5.735801696777344, "_step": 199, "distance": 0.010090462036397565, "_wandb": {"runtime": 14}}