{"avg_reward": -0.8879126326749184, "episode": 99, "_timestamp": 1718195154.8225317, "_runtime": 6.3910276889801025, "_step": 199, "distance": 0.01120514925052243, "_wandb": {"runtime": 9}}