{"avg_reward": -0.7853159819249459, "episode": 99, "_timestamp": 1718195782.7929015, "_runtime": 12.699665546417236, "_step": 199, "distance": 0.010195707898797372, "_wandb": {"runtime": 17}}