{"avg_reward": -0.44483122290996624, "episode": 99, "_timestamp": 1718197893.5241938, "_runtime": 12.251153707504272, "_step": 199, "distance": 0.010875890126346878, "_wandb": {"runtime": 19}}