{"avg_reward": -0.6572642926309498, "episode": 99, "_timestamp": 1718196420.5926507, "_runtime": 8.783414602279663, "_step": 199, "distance": 0.010170758789229404, "_wandb": {"runtime": 13}}