{"avg_reward": -0.951533414350521, "episode": 99, "_timestamp": 1718196612.506108, "_runtime": 5.621438980102539, "_step": 199, "distance": 0.011166626238655383, "_wandb": {"runtime": 10}}