{"avg_reward": -0.76097446121924, "episode": 99, "_timestamp": 1718197942.998564, "_runtime": 12.043308973312378, "_step": 199, "distance": 0.012473307611824937, "_wandb": {"runtime": 20}}