{"avg_reward": -2.4499999999999993, "episode": 99, "_timestamp": 1718196285.3928025, "_runtime": 6.748711585998535, "_step": 199, "distance": 0.08499999999999999, "_wandb": {"runtime": 28}}