{"avg_reward": -0.5957850111695268, "episode": 99, "_timestamp": 1718195848.3288004, "_runtime": 5.781689405441284, "_step": 199, "distance": 0.009918980794657258, "_wandb": {"runtime": 12}}