{"avg_reward": -1.5675603221109673, "episode": 99, "_timestamp": 1718196905.8433545, "_runtime": 11.962083578109741, "_step": 199, "distance": 0.060814151632660365, "_wandb": {"runtime": 11}}