{"avg_reward": -0.5341188238883713, "episode": 99, "_timestamp": 1718198528.2636194, "_runtime": 13.019248485565186, "_step": 199, "distance": 0.010929272698574086, "_wandb": {"runtime": 18}}