{"avg_reward": -0.5646452172810075, "episode": 99, "_timestamp": 1718197820.917187, "_runtime": 11.943727970123291, "_step": 199, "distance": 0.010963899311470885, "_wandb": {"runtime": 18}}