{"avg_reward": -37.11932381511541, "episode": 4, "_timestamp": 1718020857.6031692, "_runtime": 1.3289201259613037, "_step": 4, "_wandb": {"runtime": 0}}