{"avg_reward": -0.6510486698445301, "episode": 99, "_timestamp": 1718195551.585605, "_runtime": 5.565874814987183, "_step": 199, "distance": 0.010924650049002579, "_wandb": {"runtime": 23}}