{"avg_reward": -0.7385702500241332, "episode": 99, "_timestamp": 1718195246.4982119, "_runtime": 6.9196717739105225, "_step": 199, "distance": 0.011383537892212168, "_wandb": {"runtime": 13}}