{"avg_reward": -0.7131039431943077, "episode": 99, "_timestamp": 1718195892.9538488, "_runtime": 9.750207901000977, "_step": 199, "distance": 0.010019890049521866, "_wandb": {"runtime": 69}}