{"avg_reward": -0.6732465066543507, "episode": 99, "_timestamp": 1718195203.4267771, "_runtime": 6.6662890911102295, "_step": 199, "distance": 0.010871291601471367, "_wandb": {"runtime": 20}}