{"avg_reward": -0.6967120890417502, "episode": 99, "_timestamp": 1718196574.2153547, "_runtime": 12.5361487865448, "_step": 199, "distance": 0.009931317443376348, "_wandb": {"runtime": 25}}