{"avg_reward": -35.470817922129534, "episode": 4, "_timestamp": 1718020829.801225, "_runtime": 1.3139879703521729, "_step": 4, "_wandb": {"runtime": 0}}