{"avg_reward": -1.6179531262647269, "episode": 99, "_timestamp": 1718195992.8591356, "_runtime": 6.648912668228149, "_step": 199, "distance": 0.05348522250885033, "_wandb": {"runtime": 68}}