{"avg_reward": -0.7827732021206977, "episode": 99, "_timestamp": 1718198132.9616406, "_runtime": 11.848610639572144, "_step": 199, "distance": 0.012987354604047246, "_wandb": {"runtime": 16}}